<xccdf-1.2:Tailoring xmlns:xccdf-1.2="http://checklists.nist.gov/xccdf/1.2" id="xccdf_content-disa-delta_tailoring_default"><xccdf-1.2:version time="2023-08-21T07:20:45.211509">1</xccdf-1.2:version><xccdf-1.2:Profile extends="xccdf_org.ssgproject.content_profile_stig" id="xccdf_org.ssgproject.content_profile_stig_delta_tailoring"><xccdf-1.2:title override="true">DISA STIG for Red Hat Enterprise Linux 7</xccdf-1.2:title>
        <xccdf-1.2:description override="true">This profile contains configuration checks that align to the
DISA STIG for Red Hat Enterprise Linux V3R12.

In addition to being applicable to Red Hat Enterprise Linux 7, DISA recognizes this
configuration baseline as applicable to the operating system tier of
Red Hat technologies that are based on Red Hat Enterprise Linux 7, such as:

- Red Hat Enterprise Linux Server
- Red Hat Enterprise Linux Workstation and Desktop
- Red Hat Enterprise Linux for HPC
- Red Hat Storage
- Red Hat Containers with a Red Hat Enterprise Linux 7 image</xccdf-1.2:description>
        <xccdf-1.2:select idref="xccdf_org.ssgproject.content_rule_account_disable_post_pw_expiration" selected="false" />
        <xccdf-1.2:select idref="xccdf_org.ssgproject.content_rule_account_temp_expire_date" selected="false" />
        <xccdf-1.2:select idref="xccdf_org.ssgproject.content_rule_accounts_have_homedir_login_defs" selected="false" />
        <xccdf-1.2:select idref="xccdf_org.ssgproject.content_rule_accounts_logon_fail_delay" selected="false" />
        <xccdf-1.2:select idref="xccdf_org.ssgproject.content_rule_accounts_max_concurrent_login_sessions" selected="false" />
        <xccdf-1.2:select idref="xccdf_org.ssgproject.content_rule_accounts_maximum_age_login_defs" selected="false" />
        <xccdf-1.2:select idref="xccdf_org.ssgproject.content_rule_accounts_minimum_age_login_defs" selected="false" />
        <xccdf-1.2:select idref="xccdf_org.ssgproject.content_rule_accounts_no_uid_except_zero" selected="false" />
        <xccdf-1.2:select idref="xccdf_org.ssgproject.content_rule_accounts_password_pam_dcredit" selected="false" />
        <xccdf-1.2:select idref="xccdf_org.ssgproject.content_rule_accounts_password_pam_difok" selected="false" />
        <xccdf-1.2:select idref="xccdf_org.ssgproject.content_rule_accounts_password_pam_lcredit" selected="false" />
        <xccdf-1.2:select idref="xccdf_org.ssgproject.content_rule_accounts_password_pam_maxclassrepeat" selected="false" />
        <xccdf-1.2:select idref="xccdf_org.ssgproject.content_rule_accounts_password_pam_maxrepeat" selected="false" />
        <xccdf-1.2:select idref="xccdf_org.ssgproject.content_rule_accounts_password_pam_minclass" selected="false" />
        <xccdf-1.2:select idref="xccdf_org.ssgproject.content_rule_accounts_password_pam_minlen" selected="false" />
        <xccdf-1.2:select idref="xccdf_org.ssgproject.content_rule_accounts_password_pam_ocredit" selected="false" />
        <xccdf-1.2:select idref="xccdf_org.ssgproject.content_rule_accounts_password_pam_pwhistory_remember_password_auth" selected="false" />
        <xccdf-1.2:select idref="xccdf_org.ssgproject.content_rule_accounts_password_pam_pwhistory_remember_system_auth" selected="false" />
        <xccdf-1.2:select idref="xccdf_org.ssgproject.content_rule_accounts_password_pam_retry" selected="false" />
        <xccdf-1.2:select idref="xccdf_org.ssgproject.content_rule_accounts_password_pam_ucredit" selected="false" />
        <xccdf-1.2:select idref="xccdf_org.ssgproject.content_rule_accounts_password_set_max_life_existing" selected="false" />
        <xccdf-1.2:select idref="xccdf_org.ssgproject.content_rule_accounts_password_set_min_life_existing" selected="false" />
        <xccdf-1.2:select idref="xccdf_org.ssgproject.content_rule_accounts_passwords_pam_faillock_deny" selected="false" />
        <xccdf-1.2:select idref="xccdf_org.ssgproject.content_rule_accounts_passwords_pam_faillock_interval" selected="false" />
        <xccdf-1.2:select idref="xccdf_org.ssgproject.content_rule_accounts_passwords_pam_faillock_unlock_time" selected="false" />
        <xccdf-1.2:select idref="xccdf_org.ssgproject.content_rule_accounts_tmout" selected="false" />
        <xccdf-1.2:select idref="xccdf_org.ssgproject.content_rule_accounts_umask_etc_login_defs" selected="false" />
        <xccdf-1.2:select idref="xccdf_org.ssgproject.content_rule_accounts_user_interactive_home_directory_exists" selected="false" />
        <xccdf-1.2:select idref="xccdf_org.ssgproject.content_rule_agent_mfetpd_running" selected="false" />
        <xccdf-1.2:select idref="xccdf_org.ssgproject.content_rule_aide_build_database" selected="false" />
        <xccdf-1.2:select idref="xccdf_org.ssgproject.content_rule_aide_periodic_cron_checking" selected="false" />
        <xccdf-1.2:select idref="xccdf_org.ssgproject.content_rule_audit_rules_dac_modification_chmod" selected="false" />
        <xccdf-1.2:select idref="xccdf_org.ssgproject.content_rule_audit_rules_dac_modification_chown" selected="false" />
        <xccdf-1.2:select idref="xccdf_org.ssgproject.content_rule_audit_rules_dac_modification_fchmod" selected="false" />
        <xccdf-1.2:select idref="xccdf_org.ssgproject.content_rule_audit_rules_dac_modification_fchmodat" selected="false" />
        <xccdf-1.2:select idref="xccdf_org.ssgproject.content_rule_audit_rules_dac_modification_fchown" selected="false" />
        <xccdf-1.2:select idref="xccdf_org.ssgproject.content_rule_audit_rules_dac_modification_fchownat" selected="false" />
        <xccdf-1.2:select idref="xccdf_org.ssgproject.content_rule_audit_rules_dac_modification_fremovexattr" selected="false" />
        <xccdf-1.2:select idref="xccdf_org.ssgproject.content_rule_audit_rules_dac_modification_fsetxattr" selected="false" />
        <xccdf-1.2:select idref="xccdf_org.ssgproject.content_rule_audit_rules_dac_modification_lchown" selected="false" />
        <xccdf-1.2:select idref="xccdf_org.ssgproject.content_rule_audit_rules_dac_modification_lremovexattr" selected="false" />
        <xccdf-1.2:select idref="xccdf_org.ssgproject.content_rule_audit_rules_dac_modification_lsetxattr" selected="false" />
        <xccdf-1.2:select idref="xccdf_org.ssgproject.content_rule_audit_rules_dac_modification_removexattr" selected="false" />
        <xccdf-1.2:select idref="xccdf_org.ssgproject.content_rule_audit_rules_dac_modification_setxattr" selected="false" />
        <xccdf-1.2:select idref="xccdf_org.ssgproject.content_rule_audit_rules_execution_chcon" selected="false" />
        <xccdf-1.2:select idref="xccdf_org.ssgproject.content_rule_audit_rules_execution_semanage" selected="false" />
        <xccdf-1.2:select idref="xccdf_org.ssgproject.content_rule_audit_rules_execution_setfiles" selected="false" />
        <xccdf-1.2:select idref="xccdf_org.ssgproject.content_rule_audit_rules_execution_setsebool" selected="false" />
        <xccdf-1.2:select idref="xccdf_org.ssgproject.content_rule_audit_rules_file_deletion_events_rename" selected="false" />
        <xccdf-1.2:select idref="xccdf_org.ssgproject.content_rule_audit_rules_file_deletion_events_renameat" selected="false" />
        <xccdf-1.2:select idref="xccdf_org.ssgproject.content_rule_audit_rules_file_deletion_events_rmdir" selected="false" />
        <xccdf-1.2:select idref="xccdf_org.ssgproject.content_rule_audit_rules_file_deletion_events_unlink" selected="false" />
        <xccdf-1.2:select idref="xccdf_org.ssgproject.content_rule_audit_rules_file_deletion_events_unlinkat" selected="false" />
        <xccdf-1.2:select idref="xccdf_org.ssgproject.content_rule_audit_rules_kernel_module_loading_create" selected="false" />
        <xccdf-1.2:select idref="xccdf_org.ssgproject.content_rule_audit_rules_kernel_module_loading_delete" selected="false" />
        <xccdf-1.2:select idref="xccdf_org.ssgproject.content_rule_audit_rules_kernel_module_loading_finit" selected="false" />
        <xccdf-1.2:select idref="xccdf_org.ssgproject.content_rule_audit_rules_kernel_module_loading_init" selected="false" />
        <xccdf-1.2:select idref="xccdf_org.ssgproject.content_rule_audit_rules_login_events_faillock" selected="false" />
        <xccdf-1.2:select idref="xccdf_org.ssgproject.content_rule_audit_rules_login_events_lastlog" selected="false" />
        <xccdf-1.2:select idref="xccdf_org.ssgproject.content_rule_audit_rules_media_export" selected="false" />
        <xccdf-1.2:select idref="xccdf_org.ssgproject.content_rule_audit_rules_privileged_commands_chage" selected="false" />
        <xccdf-1.2:select idref="xccdf_org.ssgproject.content_rule_audit_rules_privileged_commands_chsh" selected="false" />
        <xccdf-1.2:select idref="xccdf_org.ssgproject.content_rule_audit_rules_privileged_commands_crontab" selected="false" />
        <xccdf-1.2:select idref="xccdf_org.ssgproject.content_rule_audit_rules_privileged_commands_gpasswd" selected="false" />
        <xccdf-1.2:select idref="xccdf_org.ssgproject.content_rule_audit_rules_privileged_commands_kmod" selected="false" />
        <xccdf-1.2:select idref="xccdf_org.ssgproject.content_rule_audit_rules_privileged_commands_mount" selected="false" />
        <xccdf-1.2:select idref="xccdf_org.ssgproject.content_rule_audit_rules_privileged_commands_newgrp" selected="false" />
        <xccdf-1.2:select idref="xccdf_org.ssgproject.content_rule_audit_rules_privileged_commands_pam_timestamp_check" selected="false" />
        <xccdf-1.2:select idref="xccdf_org.ssgproject.content_rule_audit_rules_privileged_commands_passwd" selected="false" />
        <xccdf-1.2:select idref="xccdf_org.ssgproject.content_rule_audit_rules_privileged_commands_postdrop" selected="false" />
        <xccdf-1.2:select idref="xccdf_org.ssgproject.content_rule_audit_rules_privileged_commands_postqueue" selected="false" />
        <xccdf-1.2:select idref="xccdf_org.ssgproject.content_rule_audit_rules_privileged_commands_ssh_keysign" selected="false" />
        <xccdf-1.2:select idref="xccdf_org.ssgproject.content_rule_audit_rules_privileged_commands_su" selected="false" />
        <xccdf-1.2:select idref="xccdf_org.ssgproject.content_rule_audit_rules_privileged_commands_sudo" selected="false" />
        <xccdf-1.2:select idref="xccdf_org.ssgproject.content_rule_audit_rules_privileged_commands_umount" selected="false" />
        <xccdf-1.2:select idref="xccdf_org.ssgproject.content_rule_audit_rules_privileged_commands_unix_chkpwd" selected="false" />
        <xccdf-1.2:select idref="xccdf_org.ssgproject.content_rule_audit_rules_privileged_commands_userhelper" selected="false" />
        <xccdf-1.2:select idref="xccdf_org.ssgproject.content_rule_audit_rules_suid_privilege_function" selected="false" />
        <xccdf-1.2:select idref="xccdf_org.ssgproject.content_rule_audit_rules_sysadmin_actions" selected="false" />
        <xccdf-1.2:select idref="xccdf_org.ssgproject.content_rule_audit_rules_system_shutdown" selected="false" />
        <xccdf-1.2:select idref="xccdf_org.ssgproject.content_rule_audit_rules_unsuccessful_file_modification_creat" selected="false" />
        <xccdf-1.2:select idref="xccdf_org.ssgproject.content_rule_audit_rules_unsuccessful_file_modification_ftruncate" selected="false" />
        <xccdf-1.2:select idref="xccdf_org.ssgproject.content_rule_audit_rules_unsuccessful_file_modification_open" selected="false" />
        <xccdf-1.2:select idref="xccdf_org.ssgproject.content_rule_audit_rules_unsuccessful_file_modification_open_by_handle_at" selected="false" />
        <xccdf-1.2:select idref="xccdf_org.ssgproject.content_rule_audit_rules_unsuccessful_file_modification_openat" selected="false" />
        <xccdf-1.2:select idref="xccdf_org.ssgproject.content_rule_audit_rules_unsuccessful_file_modification_truncate" selected="false" />
        <xccdf-1.2:select idref="xccdf_org.ssgproject.content_rule_audit_rules_usergroup_modification_group" selected="false" />
        <xccdf-1.2:select idref="xccdf_org.ssgproject.content_rule_audit_rules_usergroup_modification_gshadow" selected="false" />
        <xccdf-1.2:select idref="xccdf_org.ssgproject.content_rule_audit_rules_usergroup_modification_opasswd" selected="false" />
        <xccdf-1.2:select idref="xccdf_org.ssgproject.content_rule_audit_rules_usergroup_modification_passwd" selected="false" />
        <xccdf-1.2:select idref="xccdf_org.ssgproject.content_rule_audit_rules_usergroup_modification_shadow" selected="false" />
        <xccdf-1.2:select idref="xccdf_org.ssgproject.content_rule_auditd_audispd_configure_remote_server" selected="false" />
        <xccdf-1.2:select idref="xccdf_org.ssgproject.content_rule_auditd_audispd_disk_full_action" selected="false" />
        <xccdf-1.2:select idref="xccdf_org.ssgproject.content_rule_auditd_audispd_encrypt_sent_records" selected="false" />
        <xccdf-1.2:select idref="xccdf_org.ssgproject.content_rule_auditd_audispd_network_failure_action" selected="false" />
        <xccdf-1.2:select idref="xccdf_org.ssgproject.content_rule_auditd_audispd_remote_daemon_activated" selected="false" />
        <xccdf-1.2:select idref="xccdf_org.ssgproject.content_rule_auditd_audispd_remote_daemon_direction" selected="false" />
        <xccdf-1.2:select idref="xccdf_org.ssgproject.content_rule_auditd_audispd_remote_daemon_path" selected="false" />
        <xccdf-1.2:select idref="xccdf_org.ssgproject.content_rule_auditd_audispd_remote_daemon_type" selected="false" />
        <xccdf-1.2:select idref="xccdf_org.ssgproject.content_rule_auditd_data_retention_action_mail_acct" selected="false" />
        <xccdf-1.2:select idref="xccdf_org.ssgproject.content_rule_auditd_data_retention_space_left_action" selected="false" />
        <xccdf-1.2:select idref="xccdf_org.ssgproject.content_rule_auditd_name_format" selected="false" />
        <xccdf-1.2:select idref="xccdf_org.ssgproject.content_rule_auditd_overflow_action" selected="false" />
        <xccdf-1.2:select idref="xccdf_org.ssgproject.content_rule_clean_components_post_updating" selected="false" />
        <xccdf-1.2:select idref="xccdf_org.ssgproject.content_rule_dconf_db_up_to_date" selected="false" />
        <xccdf-1.2:select idref="xccdf_org.ssgproject.content_rule_dconf_gnome_banner_enabled" selected="false" />
        <xccdf-1.2:select idref="xccdf_org.ssgproject.content_rule_dconf_gnome_disable_automount" selected="false" />
        <xccdf-1.2:select idref="xccdf_org.ssgproject.content_rule_dconf_gnome_disable_automount_open" selected="false" />
        <xccdf-1.2:select idref="xccdf_org.ssgproject.content_rule_dconf_gnome_disable_autorun" selected="false" />
        <xccdf-1.2:select idref="xccdf_org.ssgproject.content_rule_dconf_gnome_enable_smartcard_auth" selected="false" />
        <xccdf-1.2:select idref="xccdf_org.ssgproject.content_rule_dconf_gnome_screensaver_idle_activation_enabled" selected="false" />
        <xccdf-1.2:select idref="xccdf_org.ssgproject.content_rule_dconf_gnome_screensaver_idle_activation_locked" selected="false" />
        <xccdf-1.2:select idref="xccdf_org.ssgproject.content_rule_dconf_gnome_screensaver_idle_delay" selected="false" />
        <xccdf-1.2:select idref="xccdf_org.ssgproject.content_rule_dconf_gnome_screensaver_lock_delay" selected="false" />
        <xccdf-1.2:select idref="xccdf_org.ssgproject.content_rule_dconf_gnome_screensaver_lock_enabled" selected="false" />
        <xccdf-1.2:select idref="xccdf_org.ssgproject.content_rule_dconf_gnome_screensaver_user_locks" selected="false" />
        <xccdf-1.2:select idref="xccdf_org.ssgproject.content_rule_dir_perms_world_writable_system_owned_group" selected="false" />
        <xccdf-1.2:select idref="xccdf_org.ssgproject.content_rule_disable_host_auth" selected="false" />
        <xccdf-1.2:select idref="xccdf_org.ssgproject.content_rule_display_login_attempts" selected="false" />
        <xccdf-1.2:select idref="xccdf_org.ssgproject.content_rule_ensure_gpgcheck_globally_activated" selected="false" />
        <xccdf-1.2:select idref="xccdf_org.ssgproject.content_rule_ensure_gpgcheck_local_packages" selected="false" />
        <xccdf-1.2:select idref="xccdf_org.ssgproject.content_rule_file_groupowner_cron_allow" selected="false" />
        <xccdf-1.2:select idref="xccdf_org.ssgproject.content_rule_file_owner_cron_allow" selected="false" />
        <xccdf-1.2:select idref="xccdf_org.ssgproject.content_rule_file_ownership_var_log_audit" selected="false" />
        <xccdf-1.2:select idref="xccdf_org.ssgproject.content_rule_file_permissions_sshd_private_key" selected="false" />
        <xccdf-1.2:select idref="xccdf_org.ssgproject.content_rule_file_permissions_sshd_pub_key" selected="false" />
        <xccdf-1.2:select idref="xccdf_org.ssgproject.content_rule_file_permissions_var_log_audit" selected="false" />
        <xccdf-1.2:select idref="xccdf_org.ssgproject.content_rule_gid_passwd_group_same" selected="false" />
        <xccdf-1.2:select idref="xccdf_org.ssgproject.content_rule_gnome_gdm_disable_automatic_login" selected="false" />
        <xccdf-1.2:select idref="xccdf_org.ssgproject.content_rule_gnome_gdm_disable_guest_login" selected="false" />
        <xccdf-1.2:select idref="xccdf_org.ssgproject.content_rule_grub2_enable_fips_mode" selected="false" />
        <xccdf-1.2:select idref="xccdf_org.ssgproject.content_rule_grub2_no_removeable_media" selected="false" />
        <xccdf-1.2:select idref="xccdf_org.ssgproject.content_rule_grub2_password" selected="false" />
        <xccdf-1.2:select idref="xccdf_org.ssgproject.content_rule_grub2_uefi_password" selected="false" />
        <xccdf-1.2:select idref="xccdf_org.ssgproject.content_rule_install_antivirus" selected="false" />
        <xccdf-1.2:select idref="xccdf_org.ssgproject.content_rule_install_smartcard_packages" selected="false" />
        <xccdf-1.2:select idref="xccdf_org.ssgproject.content_rule_installed_OS_is_vendor_supported" selected="false" />
        <xccdf-1.2:select idref="xccdf_org.ssgproject.content_rule_kernel_module_dccp_disabled" selected="false" />
        <xccdf-1.2:select idref="xccdf_org.ssgproject.content_rule_kernel_module_usb-storage_disabled" selected="false" />
        <xccdf-1.2:select idref="xccdf_org.ssgproject.content_rule_mount_option_dev_shm_nodev" selected="false" />
        <xccdf-1.2:select idref="xccdf_org.ssgproject.content_rule_mount_option_dev_shm_noexec" selected="false" />
        <xccdf-1.2:select idref="xccdf_org.ssgproject.content_rule_mount_option_dev_shm_nosuid" selected="false" />
        <xccdf-1.2:select idref="xccdf_org.ssgproject.content_rule_mount_option_noexec_remote_filesystems" selected="false" />
        <xccdf-1.2:select idref="xccdf_org.ssgproject.content_rule_mount_option_nosuid_remote_filesystems" selected="false" />
        <xccdf-1.2:select idref="xccdf_org.ssgproject.content_rule_no_empty_passwords" selected="false" />
        <xccdf-1.2:select idref="xccdf_org.ssgproject.content_rule_no_host_based_files" selected="false" />
        <xccdf-1.2:select idref="xccdf_org.ssgproject.content_rule_no_user_host_based_files" selected="false" />
        <xccdf-1.2:select idref="xccdf_org.ssgproject.content_rule_package_aide_installed" selected="false" />
        <xccdf-1.2:select idref="xccdf_org.ssgproject.content_rule_package_mcafeetp_installed" selected="false" />
        <xccdf-1.2:select idref="xccdf_org.ssgproject.content_rule_package_openssh-server_installed" selected="false" />
        <xccdf-1.2:select idref="xccdf_org.ssgproject.content_rule_package_rsh-server_removed" selected="false" />
        <xccdf-1.2:select idref="xccdf_org.ssgproject.content_rule_package_telnet-server_removed" selected="false" />
        <xccdf-1.2:select idref="xccdf_org.ssgproject.content_rule_package_tftp-server_removed" selected="false" />
        <xccdf-1.2:select idref="xccdf_org.ssgproject.content_rule_package_vsftpd_removed" selected="false" />
        <xccdf-1.2:select idref="xccdf_org.ssgproject.content_rule_package_ypserv_removed" selected="false" />
        <xccdf-1.2:select idref="xccdf_org.ssgproject.content_rule_partition_for_home" selected="false" />
        <xccdf-1.2:select idref="xccdf_org.ssgproject.content_rule_partition_for_tmp" selected="false" />
        <xccdf-1.2:select idref="xccdf_org.ssgproject.content_rule_partition_for_var" selected="false" />
        <xccdf-1.2:select idref="xccdf_org.ssgproject.content_rule_partition_for_var_log_audit" selected="false" />
        <xccdf-1.2:select idref="xccdf_org.ssgproject.content_rule_require_singleuser_auth" selected="false" />
        <xccdf-1.2:select idref="xccdf_org.ssgproject.content_rule_rpm_verify_hashes" selected="false" />
        <xccdf-1.2:select idref="xccdf_org.ssgproject.content_rule_rpm_verify_ownership" selected="false" />
        <xccdf-1.2:select idref="xccdf_org.ssgproject.content_rule_rpm_verify_permissions" selected="false" />
        <xccdf-1.2:select idref="xccdf_org.ssgproject.content_rule_service_auditd_enabled" selected="false" />
        <xccdf-1.2:select idref="xccdf_org.ssgproject.content_rule_service_autofs_disabled" selected="false" />
        <xccdf-1.2:select idref="xccdf_org.ssgproject.content_rule_set_password_hashing_algorithm_libuserconf" selected="false" />
        <xccdf-1.2:select idref="xccdf_org.ssgproject.content_rule_set_password_hashing_algorithm_logindefs" selected="false" />
        <xccdf-1.2:select idref="xccdf_org.ssgproject.content_rule_set_password_hashing_algorithm_passwordauth" selected="false" />
        <xccdf-1.2:select idref="xccdf_org.ssgproject.content_rule_set_password_hashing_algorithm_systemauth" selected="false" />
        <xccdf-1.2:select idref="xccdf_org.ssgproject.content_rule_smartcard_configure_cert_checking" selected="false" />
        <xccdf-1.2:select idref="xccdf_org.ssgproject.content_rule_snmpd_not_default_password" selected="false" />
        <xccdf-1.2:select idref="xccdf_org.ssgproject.content_rule_sshd_allow_only_protocol2" selected="false" />
        <xccdf-1.2:select idref="xccdf_org.ssgproject.content_rule_sshd_disable_compression" selected="false" />
        <xccdf-1.2:select idref="xccdf_org.ssgproject.content_rule_sshd_disable_empty_passwords" selected="false" />
        <xccdf-1.2:select idref="xccdf_org.ssgproject.content_rule_sshd_disable_gssapi_auth" selected="false" />
        <xccdf-1.2:select idref="xccdf_org.ssgproject.content_rule_sshd_disable_kerb_auth" selected="false" />
        <xccdf-1.2:select idref="xccdf_org.ssgproject.content_rule_sshd_disable_rhosts" selected="false" />
        <xccdf-1.2:select idref="xccdf_org.ssgproject.content_rule_sshd_disable_rhosts_rsa" selected="false" />
        <xccdf-1.2:select idref="xccdf_org.ssgproject.content_rule_sshd_disable_root_login" selected="false" />
        <xccdf-1.2:select idref="xccdf_org.ssgproject.content_rule_sshd_disable_user_known_hosts" selected="false" />
        <xccdf-1.2:select idref="xccdf_org.ssgproject.content_rule_sshd_disable_x11_forwarding" selected="false" />
        <xccdf-1.2:select idref="xccdf_org.ssgproject.content_rule_sshd_do_not_permit_user_env" selected="false" />
        <xccdf-1.2:select idref="xccdf_org.ssgproject.content_rule_sshd_enable_strictmodes" selected="false" />
        <xccdf-1.2:select idref="xccdf_org.ssgproject.content_rule_sshd_print_last_log" selected="false" />
        <xccdf-1.2:select idref="xccdf_org.ssgproject.content_rule_sshd_set_idle_timeout" selected="false" />
        <xccdf-1.2:select idref="xccdf_org.ssgproject.content_rule_sshd_set_keepalive_0" selected="false" />
        <xccdf-1.2:select idref="xccdf_org.ssgproject.content_rule_sshd_use_approved_ciphers_ordered_stig" selected="false" />
        <xccdf-1.2:select idref="xccdf_org.ssgproject.content_rule_sshd_use_approved_macs_ordered_stig" selected="false" />
        <xccdf-1.2:select idref="xccdf_org.ssgproject.content_rule_sshd_use_priv_separation" selected="false" />
        <xccdf-1.2:select idref="xccdf_org.ssgproject.content_rule_sssd_enable_pam_services" selected="false" />
        <xccdf-1.2:select idref="xccdf_org.ssgproject.content_rule_sssd_ldap_configure_tls_ca" selected="false" />
        <xccdf-1.2:select idref="xccdf_org.ssgproject.content_rule_sssd_ldap_configure_tls_ca_dir" selected="false" />
        <xccdf-1.2:select idref="xccdf_org.ssgproject.content_rule_sudo_remove_no_authenticate" selected="false" />
        <xccdf-1.2:select idref="xccdf_org.ssgproject.content_rule_sudo_remove_nopasswd" selected="false" />
        <xccdf-1.2:select idref="xccdf_org.ssgproject.content_rule_sudo_require_reauthentication" selected="false" />
        <xccdf-1.2:select idref="xccdf_org.ssgproject.content_rule_sudo_restrict_privilege_elevation_to_authorized" selected="false" />
        <xccdf-1.2:select idref="xccdf_org.ssgproject.content_rule_sudoers_validate_passwd" selected="false" />
        <xccdf-1.2:select idref="xccdf_org.ssgproject.content_rule_sysctl_kernel_randomize_va_space" selected="false" />
        <xccdf-1.2:select idref="xccdf_org.ssgproject.content_rule_sysctl_net_ipv4_conf_all_accept_redirects" selected="false" />
        <xccdf-1.2:select idref="xccdf_org.ssgproject.content_rule_sysctl_net_ipv4_conf_all_accept_source_route" selected="false" />
        <xccdf-1.2:select idref="xccdf_org.ssgproject.content_rule_sysctl_net_ipv4_conf_all_send_redirects" selected="false" />
        <xccdf-1.2:select idref="xccdf_org.ssgproject.content_rule_sysctl_net_ipv4_conf_default_accept_redirects" selected="false" />
        <xccdf-1.2:select idref="xccdf_org.ssgproject.content_rule_sysctl_net_ipv4_conf_default_accept_source_route" selected="false" />
        <xccdf-1.2:select idref="xccdf_org.ssgproject.content_rule_sysctl_net_ipv4_conf_default_send_redirects" selected="false" />
        <xccdf-1.2:select idref="xccdf_org.ssgproject.content_rule_sysctl_net_ipv4_icmp_echo_ignore_broadcasts" selected="false" />
        <xccdf-1.2:select idref="xccdf_org.ssgproject.content_rule_sysctl_net_ipv4_ip_forward" selected="false" />
        <xccdf-1.2:select idref="xccdf_org.ssgproject.content_rule_sysctl_net_ipv6_conf_all_accept_source_route" selected="false" />
        <xccdf-1.2:select idref="xccdf_org.ssgproject.content_rule_uefi_no_removeable_media" selected="false" />
        <xccdf-1.2:select idref="xccdf_org.ssgproject.content_rule_xwindows_remove_packages" selected="false" />
        </xccdf-1.2:Profile></xccdf-1.2:Tailoring>